name,position,nfl_team,rank
Jahmyr Gibbs,RB,DET,1
Bijan Robinson,RB,ATL,2
Ja'Marr Chase,WR,CIN,3
Puka Nacua,WR,LAR,4
Jaxon Smith-Njigba,WR,SEA,5
Amon-Ra St. Brown,WR,DET,6
Christian McCaffrey,RB,SF,7
Jonathan Taylor,RB,IND,8
CeeDee Lamb,WR,DAL,9
James Cook III,RB,BUF,10
Justin Jefferson,WR,MIN,11
Chase Brown,RB,CIN,12
Drake London,WR,ATL,13
A.J. Brown,WR,NE,14
Saquon Barkley,RB,PHI,15
De'Von Achane,RB,MIA,16
Brock Bowers,TE,LV,17
Nico Collins,WR,HOU,18
Omarion Hampton,RB,LAC,19
Kenneth Walker III,RB,KC,20
Derrick Henry,RB,BAL,21
Ashton Jeanty,RB,LV,22
George Pickens,WR,DAL,23
Chris Olave,WR,NO,24
Trey McBride,TE,ARI,25
Malik Nabers,WR,NYG,26
Josh Allen,QB,BUF,27
DeVonta Smith,WR,PHI,28
Rashee Rice,WR,KC,29
Zay Flowers,WR,BAL,30
Kyren Williams,RB,LAR,31
Tee Higgins,WR,CIN,32
Javonte Williams,RB,DAL,33
Breece Hall,RB,NYJ,34
Lamar Jackson,QB,BAL,35
Tetairoa McMillan,WR,CAR,36
Garrett Wilson,WR,NYJ,37
Jaylen Waddle,WR,DEN,38
Ladd McConkey,WR,LAC,39
Colston Loveland,TE,CHI,40
Emeka Egbuka,WR,TB,41
Jeremiyah Love,RB,ARI,42
Josh Jacobs,RB,GB,43
Drake Maye,QB,NE,44
Travis Etienne Jr.,RB,NO,45
Terry McLaurin,WR,WAS,46
D'Andre Swift,RB,CHI,47
Davante Adams,WR,LAR,48
Joe Burrow,QB,CIN,49
Luther Burden III,WR,CHI,50
Tyler Warren,TE,IND,51
Cam Skattebo,RB,NYG,52
Jameson Williams,WR,DET,53
Bucky Irving,RB,TB,54
Quinshon Judkins,RB,CLE,55
David Montgomery,RB,HOU,56
DJ Moore,WR,BUF,57
Christian Watson,WR,GB,58
Rome Odunze,WR,CHI,59
Mike Evans,WR,SF,60
Jayden Daniels,QB,WAS,61
Jalen Hurts,QB,PHI,62
Bhayshul Tuten,RB,JAC,63
Jadarian Price,RB,SEA,64
Parker Washington,WR,JAC,65
TreVeyon Henderson,RB,NE,66
Caleb Williams,QB,CHI,67
Rhamondre Stevenson,RB,NE,68
Tucker Kraft,TE,GB,69
Marvin Harrison Jr.,WR,ARI,70
Justin Herbert,QB,LAC,71
Carnell Tate,WR,TEN,72
Jaylen Warren,RB,PIT,73
Trevor Lawrence,QB,JAC,74
Brian Thomas Jr.,WR,JAC,75
Dak Prescott,QB,DAL,76
DK Metcalf,WR,PIT,77
Tony Pollard,RB,TEN,78
Harold Fannin Jr.,TE,CLE,79
Rico Dowdle,RB,PIT,80
Sam LaPorta,TE,DET,81
Chris Godwin Jr.,WR,TB,82
Jonathon Brooks,RB,CAR,83
Kyle Pitts Sr.,TE,ATL,84
Courtland Sutton,WR,DEN,85
J.K. Dobbins,RB,DEN,86
Quentin Johnston,WR,LAC,87
Michael Pittman Jr.,WR,PIT,88
Michael Wilson,WR,ARI,89
Chuba Hubbard,RB,CAR,90
Blake Corum,RB,LAR,91
Alec Pierce,WR,IND,92
Brock Purdy,QB,SF,93
George Kittle,TE,SF,94
Josh Downs,WR,IND,95
Jaxson Dart,QB,NYG,96
Jacory Croskey-Merritt,RB,WAS,97
Wan'Dale Robinson,WR,TEN,98
Bo Nix,QB,DEN,99
RJ Harvey,RB,DEN,100
Stefon Diggs,WR,WAS,101
Patrick Mahomes II,QB,KC,102
Jordan Mason,RB,MIN,103
Jordan Addison,WR,MIN,104
Jayden Reed,WR,GB,105
Kenny Gainwell,RB,TB,106
Travis Kelce,TE,KC,107
Matthew Stafford,QB,LAR,108
Kyle Monangai,RB,CHI,109
Jared Goff,QB,DET,110
Jakobi Meyers,WR,JAC,111
Dalton Kincaid,TE,BUF,112
Makai Lemon,WR,PHI,113
Rachaad White,RB,WAS,114
Aaron Jones Sr.,RB,MIN,115
Dallas Goedert,TE,PHI,116
Isaiah Likely,TE,NYG,117
Baker Mayfield,QB,TB,118
Jordan Love,QB,GB,119
Kyler Murray,QB,MIN,120
Chris Rodriguez Jr.,RB,JAC,121
Romeo Doubs,WR,NE,122
Xavier Worthy,WR,KC,123
Mark Andrews,TE,BAL,124
Jalen Coker,WR,CAR,125
Matthew Golden,WR,GB,126
Tyler Shough,QB,NO,127
Woody Marks,RB,HOU,128
Tyler Allgeier,RB,ARI,129
Jake Ferguson,TE,DAL,130
Khalil Shakir,WR,BUF,131
KC Concepcion,WR,CLE,132
Jordyn Tyson,WR,NO,133
Tyjae Spears,RB,TEN,134
Deebo Samuel Sr.,WR,SF,135
Malik Willis,QB,MIA,136
Juwan Johnson,TE,NO,137
Tank Bigsby,RB,PHI,138
Keaton Mitchell,RB,LAC,139
Rashid Shaheed,WR,SEA,140
Jonah Coleman,RB,DEN,141
Sam Darnold,QB,SEA,142
Hunter Henry,TE,NE,143
De'Zhaun Stribling,WR,SF,144
Zach Charbonnet,RB,SEA,145
Dylan Sampson,RB,CLE,146
C.J. Stroud,QB,HOU,147
Chig Okonkwo,TE,WAS,148
Isiah Pacheco,RB,DET,149
Dalton Schultz,TE,HOU,150
MarShawn Lloyd,RB,GB,151
Alvin Kamara,RB,NO,152
Adonai Mitchell,WR,NYJ,153
Cam Ward,QB,TEN,154
Tyrone Tracy Jr.,RB,NYG,155
Brenton Strange,TE,JAC,156
Daniel Jones,QB,IND,157
Denzel Boston,WR,CLE,158
Brian Robinson Jr.,RB,ATL,159
Braelon Allen,RB,NYJ,160
Tre Tucker,WR,LV,161
Jerry Jeudy,WR,CLE,162
Jauan Jennings,WR,MIN,163
Jalen McMillan,WR,TB,164
Tre' Harris,WR,LAC,165
Mike Washington Jr.,RB,LV,166
Ray Davis,RB,BUF,167
Dontayvion Wicks,WR,PHI,168
Kayshon Boutte,WR,HOU,169
Terrance Ferguson,TE,LAR,170
AJ Barner,TE,SEA,171
Bryce Young,QB,CAR,172
Pat Bryant,WR,DEN,173
Omar Cooper Jr.,WR,NYJ,174
Ryan Flournoy,WR,DAL,175
T.J. Hockenson,TE,MIN,176
Emmett Johnson,RB,KC,177
Jalen Nailor,WR,LV,178
Malik Washington,WR,MIA,179
Calvin Ridley,WR,TEN,180
Keenan Allen,WR,IND,181
Oronde Gadsden II,TE,LAC,182
Kimani Vidal,RB,LAC,183
Jacoby Brissett,QB,ARI,184
Houston Texans,DST,HOU,185
Kenyon Sadiq,TE,NYJ,186
Denver Broncos,DST,DEN,187
Nicholas Singleton,RB,TEN,188
Sean Tucker,RB,TB,189
Gunnar Helm,TE,TEN,190
Seattle Seahawks,DST,SEA,191
Los Angeles Rams,DST,LAR,192
Jaylin Noel,WR,HOU,193
Travis Hunter,WR,JAC,194
Jacksonville Jaguars,DST,JAC,195
Jaydon Blue,RB,DAL,196
Philadelphia Eagles,DST,PHI,197
New England Patriots,DST,NE,198
Pittsburgh Steelers,DST,PIT,199
Rashod Bateman,WR,BAL,200
Pat Freiermuth,TE,PIT,201
Brandon Aubrey,K,DAL,202
Geno Smith,QB,NYJ,203
Los Angeles Chargers,DST,LAC,204
Cameron Dicker,K,LAC,205
Aaron Rodgers,QB,PIT,206
Minnesota Vikings,DST,MIN,207
Cade Otton,TE,TB,208
Tank Dell,WR,HOU,209
Cooper Kupp,WR,SEA,210
Ka'imi Fairbairn,K,HOU,211
Kaytron Allen,RB,WAS,212
George Holani,RB,SEA,213
Cam Little,K,JAC,214
Isaac TeSlaa,WR,DET,215
Darnell Mooney,WR,NYG,216
Kansas City Chiefs,DST,KC,217
Baltimore Ravens,DST,BAL,218
James Conner,RB,ARI,219
Jason Myers,K,SEA,220
Tyler Loop,K,BAL,221
Green Bay Packers,DST,GB,222
Emanuel Wilson,RB,SEA,223
Jake Bates,K,DET,224
Eddy Pineiro,K,SF,225
Jaylen Wright,RB,MIA,226
Germie Bernard,WR,PIT,227
Kaelon Black,RB,SF,228
Harrison Mevis,K,LAR,229
Detroit Lions,DST,DET,230
Zachariah Branch,WR,ATL,231
Cairo Santos,K,CHI,232
Buffalo Bills,DST,BUF,233
Troy Franklin,WR,DEN,234
Devaughn Vele,WR,NO,235
Justice Hill,RB,BAL,236
David Njoku,TE,LAC,237
Malachi Fields,WR,NYG,238
Fernando Mendoza,QB,LV,239
Chase McLaughlin,K,TB,240
Evan McPherson,K,CIN,241
Cleveland Browns,DST,CLE,242
Evan Engram,TE,DEN,243
Ja'Kobi Lane,WR,BAL,244
Keon Coleman,WR,BUF,245
Andy Borregales,K,NE,246
Najee Harris,RB,NYG,247
Jack Bech,WR,LV,248
Jordan James,RB,SF,249
Antonio Williams,WR,WAS,250
Chris Bell,WR,MIA,251
Chris Brooks,RB,GB,252
Demond Claiborne,RB,MIN,253
Isaiah Davis,RB,NYJ,254
Samaje Perine,RB,CIN,255
Harrison Butker,K,KC,256
Ollie Gordon II,RB,MIA,257
Colby Parkinson,TE,LAR,258
Malik Davis,RB,DAL,259
Ted Hurst III,WR,TB,260
Tua Tagovailoa,QB,ATL,261
Tory Horton,WR,SEA,262
Elic Ayomanor,WR,TEN,263
Chris Boswell,K,PIT,264
Greg Dulcich,TE,MIA,265
Ty Johnson,RB,BUF,266
LeQuint Allen Jr.,RB,JAC,267
Michael Penix Jr.,QB,ATL,268
Wil Lutz,K,DEN,269
Tyquan Thornton,WR,KC,270
Kirk Cousins,QB,LV,271
Chimere Dike,WR,TEN,272
Caleb Douglas,WR,MIA,273
Darius Slayton,WR,NYG,274
DJ Giddens,RB,IND,275
Christian Kirk,WR,SF,276
Deshaun Watson,QB,CLE,277
Will Reichard,K,MIN,278
Mason Taylor,TE,NYJ,279
Shedeur Sanders,QB,CLE,280
Xavier Legette,WR,CAR,281
Kendre Miller,RB,NO,282
Seth McGowan,RB,IND,283
Marvin Mims Jr.,WR,DEN,284
Theo Johnson,TE,NYG,285
Atlanta Falcons,DST,ATL,286
San Francisco 49ers,DST,SF,287
Elijah Sarratt,WR,BAL,288
Emari Demercado,RB,KC,289
Adam Randall,RB,BAL,290
Devin Neal,RB,NO,291
Cyrus Allen,WR,KC,292
Brashard Smith,RB,KC,293
Devin Singletary,RB,NYG,294
Eli Stowers,TE,PHI,295
Trevor Etienne,RB,CAR,296
Kyle Williams,WR,NE,297
Hollywood Brown,WR,PHI,298
Tahj Brooks,RB,CIN,299
New Orleans Saints,DST,NO,300
Mack Hollins,WR,NE,301
Trey Benson,RB,ARI,302
Kaleb Johnson,RB,PIT,303
Mike Gesicki,TE,CIN,304
Jarquez Hunter,RB,MIA,305
Jerome Ford,RB,WAS,306
Isaac Guerendo,RB,SF,307
Isaiah Bond,WR,CLE,308
Audric Estime,RB,NO,309
Skyler Bell,WR,BUF,310
Jaleel McLaughlin,RB,DEN,311
Indianapolis Colts,DST,IND,312
Charlie Smyth,K,NO,313
Chicago Bears,DST,CHI,314
Brandon Aiyuk,WR,SF,315
Will Shipley,RB,PHI,316
Darren Waller,TE,CAR,317
Jake Tonges,TE,SF,318
DeMario Douglas,WR,NE,319
Darnell Washington,TE,PIT,320
Andrei Iosivas,WR,CIN,321
Tyreek Hill,WR,FA,322
Michael Mayer,TE,LV,323
Jahan Dotson,WR,ATL,324
Oscar Delp,TE,NO,325
Charlie Kolar,TE,LAC,326
Elijah Arroyo,TE,SEA,327
Erick All Jr.,TE,CIN,328
Bryce Lance,WR,NO,329
Kareem Hunt,RB,FA,330
Carson Beck,QB,ARI,331
Jalen Tolbert,WR,MIA,332
Xavier Hutchinson,WR,HOU,333
Eli Raridon,TE,NE,334
Cole Kmet,TE,CHI,335
Joe Mixon,RB,FA,336
Dallas Cowboys,DST,DAL,337
Dawson Knox,TE,BUF,338
J.J. McCarthy,QB,MIN,339
Brenen Thompson,WR,LAC,340
Luke McCaffrey,WR,WAS,341
Konata Mumpfield,WR,LAR,342
Tyler Higbee,TE,LAR,343
Tez Johnson,WR,TB,344
Noah Gray,TE,KC,345
Cedric Tillman,WR,FA,346
Kendrick Bourne,WR,ARI,347
Jalen Royals,WR,KC,348
Mac Jones,QB,SF,349
Joshua Palmer,WR,BUF,350
Olamide Zaccheaus,WR,ATL,351
Max Klare,TE,LAR,352
Bam Knight,RB,ARI,353
Treylon Burks,WR,WAS,354
Ja'Tavion Sanders,TE,CAR,355
Chris Brazzell II,WR,CAR,356
Jake Elliott,K,PHI,357
Justin Fields,QB,KC,358
Eli Heidenreich,RB,PIT,359
Carolina Panthers,DST,CAR,360
Jawhar Jordan,RB,HOU,361
Tyler Bass,K,BUF,362
Ty Simpson,QB,LAR,363
Michael Carter,RB,TEN,364
Savion Williams,WR,GB,365
Malik Benson,WR,LV,366
Justin Joly,TE,DEN,367
Raheim Sanders,RB,CLE,368
Dont'e Thornton Jr.,WR,LV,369
KaVontae Turpin,WR,DAL,370
Roman Wilson,WR,PIT,371
New York Giants,DST,NYG,372
Kalif Raymond,WR,CHI,373
Anthony Richardson Sr.,QB,IND,374
Zavion Thomas,WR,CHI,375
Colbie Young,WR,CIN,376
Kevin Coleman Jr.,WR,MIA,377
Joe Flacco,QB,CIN,378
Trey Smack,K,GB,379
Tampa Bay Buccaneers,DST,TB,380
Noah Fant,TE,NO,381
CJ Daniels,WR,LAR,382
Jaylin Lane,WR,WAS,383
Roschon Johnson,RB,CHI,384
Tennessee Titans,DST,TEN,385
Zane Gonzalez,K,FA,386
Tommy Tremble,TE,CAR,387
Jordan Whittington,WR,LAR,388
Luke Musgrave,TE,GB,389
Cincinnati Bengals,DST,CIN,390
Joe Milton III,QB,DAL,391
Devontez Walker,WR,BAL,392
Nick Westbrook-Ikhine,WR,IND,393
Austin Hooper,TE,ATL,394
John Metchie III,WR,CAR,395
Demarcus Robinson,WR,SF,396
Jam Miller,RB,NE,397
J'Mari Taylor,RB,JAC,398
Phil Mafah,RB,DAL,399
Mitchell Evans,TE,CAR,400
Ben Sinnott,TE,WAS,401
Daniel Bellinger,TE,TEN,402
Greg Dortch,WR,DET,403
Jameis Winston,QB,NYG,404
Rasheen Ali,RB,BAL,405
Marcus Mariota,QB,WAS,406
Barion Brown,WR,NO,407
Tutu Atwell,WR,LAR,408
Miami Dolphins,DST,MIA,409
Ashton Dulin,WR,IND,410
Kyle Juszczyk,RB,SF,411
Sione Vaki,RB,DET,412
Nick Folk,K,ATL,413
Deion Burks,WR,IND,414
Dyami Brown,WR,WAS,415
Cade Klubnik,QB,NYJ,416
John Bates,TE,WAS,417
Austin Ekeler,RB,FA,418
Elijah Higgins,TE,ARI,419
Marlin Klein,TE,HOU,420
Zavier Scott,RB,MIN,421
Dameon Pierce,RB,PHI,422
Damien Martinez,RB,GB,423
Las Vegas Raiders,DST,LV,424
Terrell Jennings,RB,FA,425
Daniel Carlson,K,NO,426
Will Kacmarek,TE,MIA,427
Tanner Koziol,TE,JAC,428
Jackson Hawes,TE,BUF,429
Blake Grupe,K,IND,430
Odell Beckham Jr.,WR,NYG,431
Tyler Goodson,RB,ATL,432
Chad Ryland,K,ARI,433
Joey Slye,K,TEN,434
Ryan Fitzgerald,K,CAR,435
Brandon McManus,K,FA,436
Josh Oliver,TE,MIN,437
Washington Commanders,DST,WAS,438
Adam Trautman,TE,DEN,439
New York Jets,DST,NYJ,440
Arizona Cardinals,DST,ARI,441
Isaiah Williams,WR,FA,442
Jahdae Walker,WR,CHI,443
Tai Felton,WR,MIN,444
Jimmy Horn Jr.,WR,CAR,445
Ben Sauls,K,NYG,446
Hunter Luepke,RB,DAL,447
Spencer Shrader,K,IND,448
Tommy Myers,TE,FA,449
Marquez Valdes-Scantling,WR,DAL,450
Ronnie Rivers,RB,LAR,451
Drew Stevens,K,WAS,452
Jonnu Smith,TE,GB,453
Robert Henry Jr.,RB,WAS,454
Khalil Herbert,RB,SF,455
Xavier Restrepo,WR,TEN,456
Antonio Gibson,RB,FA,457
Drew Sample,TE,CIN,458
Xavier Smith,WR,LAR,459
Foster Moreau,TE,HOU,460
Mo Alie-Cox,TE,IND,461
Mitch Tinsley,WR,CIN,462
Matt Hibner,TE,BAL,463
Reggie Virgil,WR,ARI,464
Van Jefferson,WR,WAS,465
Luke Schoonmaker,TE,DAL,466
Nate Boerkircher,TE,JAC,467
Brock Wright,TE,DET,468
Cade Stover,TE,HOU,469
Sam Roush,TE,CHI,470
Jake Moody,K,FA,471
Jason Sanders,K,NYJ,472
Jeremy Ruckert,TE,NYJ,473
Tim Patrick,WR,NYJ,474
Durham Smythe,TE,BAL,475
Quinn Ewers,QB,MIA,476
Jeremy McNichols,RB,WAS,477
Tanner Hudson,TE,CIN,478
Riley Leonard,QB,IND,479
Jelani Woods,TE,NYJ,480
Josh Cuevas,TE,BAL,481
Roman Hemby,RB,LV,482
Jacob Cowing,WR,SF,483
Lil'Jordan Humphrey,WR,DEN,484
Tyrod Taylor,QB,GB,485
Josh Cameron,WR,JAC,486
KeAndre Lambert-Smith,WR,LAC,487
Gardner Minshew II,QB,ARI,488
Jacob Saylors,RB,DET,489
Efton Chism III,WR,NE,490
Nate Adkins,TE,DEN,491
Brycen Tremayne,WR,CAR,492
DeAndre Hopkins,WR,BAL,493
Zach Ertz,TE,FA,494
Frank Gore Jr.,RB,BUF,495
Alec Ingold,RB,LAC,496
Lan Larison,RB,NE,497
Jalen Brooks,WR,ARI,498
Max Bredeson,RB,MIN,499
Dylan Laube,RB,LV,500
Patrick Ricard,RB,NYG,501
Adam Prentice,RB,DEN,502
Jaret Patterson,RB,LAC,503
British Brooks,RB,HOU,504
Reggie Gilliam,RB,NE,505
Josh Williams,RB,TB,506
Chris Blair,WR,ATL,507
Kene Nwangwu,RB,NYJ,508
Jake Browning,QB,TB,509
Moliki Matavao,TE,NO,510
Elijah Moore,WR,PHI,511
Michael Burton,RB,CLE,512
Nathan Carter,RB,ATL,513
Davis Allen,TE,LAR,514
Jalen Milroe,QB,SEA,515
Michael Trigg,TE,DAL,516
Tyler Conklin,TE,DET,517
Davis Mills,QB,HOU,518
Cedrick Wilson Jr.,WR,FA,519
Julian Hill,TE,NE,520
Jack Endries,TE,CIN,521
Luke Farrell,TE,SF,522
Justin Watson,WR,HOU,523
Payne Durham,TE,TB,524
Ben Sims,TE,MIA,525
Myles Price,WR,MIN,526
Khalil Dinkins,TE,SF,527
David Sills V,WR,TB,528
Trey Lance,QB,LAC,529
Blake Whiteheart,TE,CLE,530
Lew Nichols III,RB,PIT,531
Tyrell Shavers,WR,BUF,532
Josh Whyle,TE,GB,533
Mason Tipton,WR,NO,534
Tyson Bagent,QB,CHI,535
Velus Jones Jr.,WR,SEA,536
Theo Wease Jr.,WR,MIA,537
Brevyn Spann-Ford,TE,DAL,538
Kameron Johnson,WR,TB,539
Derius Davis,WR,LAC,540
Kaden Wetjen,WR,PIT,541
Tyler Lockett,WR,LV,542
Scotty Miller,WR,CHI,543
Bo Melton,WR,GB,544
Ben Skowronek,WR,PIT,545
Arian Smith,WR,NYJ,546
Michael Bandy,WR,DEN,547
Cash Jones,RB,ATL,548
Tyler Badie,RB,DEN,549
Jonathan Mingo,WR,DAL,550
Malachi Corley,WR,CLE,551
Kevin Austin Jr.,WR,NO,552
Noah Whittington,RB,HOU,553
Jared Wayne,WR,HOU,554
Jalen Reagor,WR,MIA,555
Skyy Moore,WR,GB,556
Michael Woods II,WR,DEN,557
Travis Homer,RB,PIT,558
Sincere McCormick,RB,SF,559
Isaiah Hodgins,WR,NYG,560
Darius Cooper,WR,PHI,561
Jeshaun Jones,WR,MIN,562
David Moore,WR,CAR,563
Jakobie Keeney-James,WR,FA,564
Anthony Gould,WR,IND,565
Casey Washington,WR,CAR,566
Jaydn Ott,RB,KC,567
Cody White,WR,SEA,568
Devin Duvernay,WR,ARI,569
Quentin Skinner,WR,BUF,570
Miles Davis,RB,CAR,571
Nikko Remigio,WR,KC,572
Jake Bobo,WR,SEA,573
Dareke Young,WR,LV,574
Gage Larvadain,WR,CLE,575
Ahmani Marshall,RB,CLE,576
Britain Covey,WR,PHI,577
Jordan Watkins,WR,SF,578
Ke'Shawn Williams,WR,CIN,579
Coleman Owen,WR,IND,580
Isaiah Williams,WR,NYJ,581
Mason Kinsey,WR,TEN,582
DeeJay Dallas,RB,JAC,583
Maurice Alexander,WR,CHI,584
Charlie Jones,WR,CIN,585
Anderson Castle,RB,IND,586
Eric Gray,RB,NYG,587
Drake Dabney,TE,GB,588
CJ Donaldson,RB,NO,589
Jaheim Bell,TE,FA,590
Albert Okwuegbunam Jr.,TE,LV,591
Miles Kitselman,TE,FA,592
Corey Kiner,RB,ARI,593
Spencer Rattler,QB,NO,594
Drew Allar,QB,PIT,595
Miles Sanders,RB,FA,596
Alexander Mattison,RB,FA,597
Ulysses Bentley IV,RB,IND,598
Taylen Green,QB,CLE,599
Andre Szmyt,K,CLE,600
Joe Royer,TE,CLE,601
Elijah Tau-Tolliver,RB,BAL,602
Tyler Huntley,QB,BAL,603
Mason Rudolph,QB,PIT,604
Dohnte Meyers,WR,CIN,605
Seydou Traore,TE,MIA,606
Myles Montgomery,RB,FA,607
Grant Calcaterra,TE,PHI,608
Bauer Sharp,TE,TB,609
Charlie Woerner,TE,ATL,610
Stone Smartt,TE,PHI,611
Will Levis,QB,TEN,612
Andy Dalton,QB,PHI,613
Joel Wilson,TE,TEN,614
Eric Saubert,TE,SEA,615
Tanner McKee,QB,PHI,616
Dominic Zvada,K,NYG,617
Tip Reiman,TE,ARI,618
JaMycal Hasty,RB,NE,619
Kalel Mullings,RB,TEN,620
Brevin Jordan,TE,HOU,621
Carsen Ryan,TE,CLE,622
Joshua Simon,TE,ATL,623
Drew Ogletree,TE,IND,624
Ty Pezza,TE,BAL,625
Craig Reynolds,RB,WAS,626
Kendrick Law,WR,DET,627
Jared Wiley,TE,KC,628
Gavin Bartholomew,TE,MIN,629
Jake Briningstool,TE,KC,630
Kylen Granson,TE,TEN,631
Teagan Quitoriano,TE,ARI,632
Ben Yurosek,TE,MIN,633
Jabari Small,RB,DET,634
Hassan Haskins,RB,NE,635
Devin Culp,TE,TB,636
Michael Wortham,WR,JAC,637
Ian Thomas,TE,LV,638
Jack Velling,TE,ATL,639
Jack Stoll,TE,FA,640
Bryson Nesbit,TE,MIN,641
Will Mallory,TE,IND,642
Ray-Ray McCloud III,WR,CHI,643
Ameer Abdullah,RB,JAC,644
Tyler Johnson,WR,DAL,645
JuJu Smith-Schuster,WR,FA,646
Ronnie Bell,WR,NO,647
Mecole Hardman Jr.,WR,BUF,648
Michael Briscoe,WR,MIN,649
Cole Turner,TE,MIA,650
Cooper Rush,QB,ATL,651
Tahj Washington,WR,PHI,652
Sterling Shepard,WR,HOU,653
Jermar Jefferson,RB,MIN,654
Lucas Krull,TE,DEN,655
Brayden Willis,TE,SF,656
Desmond Reid,RB,FA,657
Tanner Conner,TE,NYG,658
Kenny McIntosh,RB,FA,659
Johnny Mundt,TE,PHI,660
Colson Yankoff,TE,WAS,661
Chris Manhertz,TE,NYG,662
Bub Means,WR,NO,663
Kendric Pryor,WR,CIN,664
Brenden Bates,TE,FA,665
Donovan Edwards,RB,MIA,666
Hunter Long,TE,JAC,667
J. Michael Sturdivant,WR,GB,668
John Michael Gyllenborg,TE,KC,669
Quintin Morris,TE,JAC,670
Hayden Rucci,TE,SF,671
Terrace Marshall Jr.,WR,MIA,672
K.J. Osborn,WR,TEN,673
Riley Patterson,K,MIA,674
Dominic Lovett,WR,DET,675
Rivaldo Fairweather,TE,ARI,676
Kansei Matsuzawa,K,LV,677
Tyler Scott,WR,LAR,678
Dalevon Campbell,WR,LAC,679
David Martin-Robinson,TE,TEN,680
Tanner Brown,K,NO,681
Dante Pettis,WR,BUF,682
Jamal Haynes,RB,CIN,683
Princeton Fant,TE,DAL,684
Xavier Weaver,WR,ARI,685
Zay Jones,WR,HOU,686
Ko Kieft,TE,TB,687
CJ Dippre,TE,NE,688
Jack Westover,TE,NE,689
Shedrick Jackson,WR,LV,690
Deven Thompkins,WR,LV,691
Cameron Latu,TE,PHI,692
Dean Connors,RB,LAR,693
Chris Moore,WR,BAL,694
Lance Mason,TE,PIT,695
Tanner Arkin,TE,NE,696
Gunner Olszewski,WR,NYG,697
Zach Horton,TE,DET,698
Kenny Fletcher Jr.,TE,TB,699
Tylan Wallace,WR,CLE,700
B.T. Potter,K,TB,701
Lake McRee,TE,PIT,702
Tay Martin,WR,DET,703
LaJohntay Wester,WR,BAL,704
Vinny Anthony II,WR,ATL,705
Tre Watson,TE,KC,706
James Mitchell,TE,CAR,707
Braxton Berrios,WR,NYG,708
E.J. Jenkins,TE,PHI,709
Chase Curtis,TE,NYJ,710
Kentrel Bullock,RB,CIN,711
Thomas Gordon,TE,DET,712
Tom Kennedy,WR,DET,713
DJ Rogers,TE,DAL,714
Dylan Drummond,WR,ATL,715
Ryan Miller,WR,MIA,716
Noah Brown,WR,FA,717
Jamari Thrash,WR,CLE,718
Quentin Moore,TE,WAS,719
KhaDarel Hodge,WR,SF,720
Nick Kallerup,TE,SEA,721
Pierre Strong Jr.,RB,GB,722
Austin Trammell,WR,JAC,723
Jalin Hyatt,WR,NYG,724
Curtis Samuel,WR,FA,725
Cam Grandy,TE,CIN,726
Patrick Herbert,TE,JAC,727
Joshua Cephus,WR,FA,728
Deontay Burnett,WR,FA,729
Carson Towt,TE,IND,730
Mario Williams,WR,FA,731
Shane Zylstra,TE,BUF,732
Ricky White III,WR,SEA,733
Zaire Mitchell-Paden,TE,NO,734
Dontae McMillan,RB,BAL,735
Samori Toure,WR,PHI,736
Messiah Swinson,TE,GB,737
Jordan Waters,RB,LAR,738
Carter Runyon,TE,LV,739
Xavier Gipson,WR,NYG,740
Treyton Welch,TE,NO,741
Jameson Geers,TE,ARI,742
Brittain Brown,RB,CHI,743
Keleki Latu,TE,BUF,744
AJ Dillon,RB,CAR,745
Patrick Taylor Jr.,RB,FA,746
Bryce Oliver,WR,TEN,747
Tim Jones,WR,JAC,748
Layne Pryor,TE,HOU,749
Gary Brightwell,RB,CIN,750
Simi Fehoko,WR,ARI,751
Jaren Kanak,TE,TEN,752
Jason Brownlee,WR,KC,753
Ethan Conner,TE,MIA,754
Chip Trayanum,RB,NYJ,755
Beaux Collins,WR,ATL,756
Evan Svoboda,TE,LAC,757
Alex Bachman,WR,LAR,758
Cody Hardy,TE,NO,759
Trent Sherfield Sr.,WR,BUF,760
Patrick Gurd,TE,LV,761
Dallen Bentley,TE,DEN,762
Sean McKeon,TE,IND,763
Jimmy Holiday,WR,KC,764
Jarrett Stidham,QB,DEN,765
Johnny Pascuzzi,TE,LAC,766
Tejhaun Palmer,WR,NE,767
Dalen Cambre,WR,NYG,768
Tommy DeVito,QB,NE,769
Cody Schrader,RB,DEN,770
Hayden Large,TE,CHI,771
JJ Galbreath,TE,IND,772
Zamir White,RB,NO,773
Will Howard,QB,PIT,774
Mitchell Trubisky,QB,TEN,775
Garrett Nussmeier,QB,KC,776
Sam Howell,QB,DAL,777
Malik Turner,WR,SF,778
RJ Maryland,TE,GB,779
Jaden Nixon,RB,GB,780
Nikola Kalinic,TE,CHI,781
Kenny Pickett,QB,CAR,782
Drew Lock,QB,SEA,783
Taysom Hill,TE,FA,784
Dillon Gabriel,QB,CLE,785
Thomas Fidone II,TE,NYG,786
Davon Booth,RB,CLE,787
Kyle Allen,QB,BUF,788
Behren Morton,QB,NE,789
Carson Wentz,QB,MIN,790
Luke Altmyer,QB,DET,791
Kurtis Rourke,QB,SF,792
Sam Ehlinger,QB,DEN,793
Joshua Dobbs,QB,DET,794
Athan Kaliakmanis,QB,WAS,795
Stetson Bennett IV,QB,LAR,796
Nick Mullens,QB,JAC,797
Brady Cook,QB,NYJ,798
Jack Strand,QB,ATL,799
Josh Johnson,QB,CIN,800
Dominic Richardson,RB,NYJ,801
Julius Chestnut,RB,TEN,802
Aidan O'Connell,QB,LV,803
Zach Wilson,QB,NO,804
DJ Uiagalelei,QB,LAC,805
Carson Steele,RB,PHI,806
Coleman Bennett,RB,MIA,807
Israel Abanikanda,RB,DAL,808
Jacardia Wright,RB,SEA,809
Kendall Milton,RB,CIN,810
Kyle McCord,QB,GB,811
Haynes King,QB,CAR,812
Brandon Allen,QB,NYG,813
Sam Hartman,QB,WAS,814
Shane Buechele,QB,BUF,815
EJ Smith,RB,KC,816
Cam Miller,QB,MIA,817
Case Keenum,QB,CHI,818
Jalon Daniels,QB,TB,819
Evan Hull,RB,ARI,820
Dante Miller,RB,FA,821
Chris Collier,RB,LV,822
Damon Bankston,RB,NYG,823
Josiah Deguara,TE,NYG,824
Montorie Foster Jr.,WR,SEA,825
Andrew Beck,TE,NYJ,826
Pharaoh Brown,TE,IND,827
Raheem Blackshear,RB,FA,828
Raheem Mostert,RB,LV,829
Connor Heyward,TE,LV,830
Salvon Ahmed,RB,CHI,831
Anthony Hankerson,RB,FA,832
Stephen Carlson,TE,CHI,833
Chris Myarick,TE,LV,834
Cam Akers,RB,FA,835
Owen Wright,RB,HOU,836
Terion Stewart,RB,KC,837
Mark Redman,TE,LAR,838
Dan Villari,TE,LAR,839
Rohan Jones,TE,LAR,840
Josh Kattus,TE,CIN,841
Amar Johnson,RB,LAC,842
Gus Edwards,RB,FA,843
Zack Moss,RB,FA,844
Nick Vannett,TE,SEA,845
Jeff Wilson Jr.,RB,FA,846
Trayveon Williams,RB,DET,847
Caleb Lohner,TE,DEN,848
Royce Freeman,RB,FA,849
D'Onta Foreman,RB,FA,850
Dare Ogunbowale,RB,LV,851
Jashaun Corbin,RB,DAL,852
Emmanuel Henderson Jr.,WR,SEA,853
Carlos Washington Jr.,RB,MIA,854
Gregory Desrosiers,RB,LAC,855
Clyde Edwards-Helaire,RB,FA,856
Darrynton Evans,RB,FA,857
Myles Gaskin,RB,FA,858
Tyrion Davis-Price,RB,FA,859
Laquon Treadwell,WR,IND,860
D'Ernest Johnson,RB,TEN,861
Jeff Caldwell,WR,KC,862
Lucas Scott,RB,BAL,863
Camden Brown,WR,DAL,864
Deuce Vaughn,RB,HOU,865
Brock Lampe,RB,SEA,866
Eli Pancol,WR,IND,867
Andrew Armstrong,WR,KC,868
Sederrick Cunningham,WR,FA,869
Raylen Sharpe,WR,IND,870
Isaiah Neyor,WR,GB,871
Jacob De Jesus,WR,KC,872
Sahmir Hagans,WR,IND,873
Omari Kelly,WR,CHI,874
Omari Evans,WR,KC,875
Quez Watkins,WR,PHI,876
Brennan Presley,WR,LAR,877
Kaden Prather,WR,GB,878
Xavier Loyd,WR,KC,879
Brandon Smith,WR,PIT,880
Tru Edwards,WR,LAR,881
Anthony Smith,WR,DAL,882
JP Richardson,WR,CHI,883
Jordan Moore,WR,CIN,884
Devonte Ross,WR,LAC,885
Chris Hilton Jr.,WR,GB,886
Nick Nash,WR,WAS,887
Sincere Brown,WR,LAC,888
Jamaal Pritchett,WR,NYJ,889
E.J. Williams Jr.,WR,LV,890
Lewis Bond,WR,HOU,891
Noah Thomas,WR,CIN,892
Jaden Bradley,WR,WAS,893
Rashad Rochelle,WR,SEA,894
Donaven McCulley,WR,MIA,895
Junior Bergen,WR,NYJ,896
Tyren Montgomery,WR,TEN,897
Eric Rivers Jr.,WR,TB,898
Malik McClain,WR,NYJ,899
Hakeem Butler,WR,FA,900
Brandon Johnson,WR,LV,901
AJ Henning,WR,MIA,902
Dane Key,WR,DEN,903
Jordan Hudson,WR,DAL,904
Dontae Fleming,WR,MIN,905
Josh Kelly,WR,HOU,906
Dillon Bell,WR,MIN,907
Danny Gray,WR,PHI,908
Dennis Houston,WR,TB,909
Stephen Gosnell,WR,BUF,910
Kolbe Katsis,WR,DEN,911
Dean Patterson IV,WR,TB,912
Treyvhon Saunders,WR,HOU,913
Trey Palmer,WR,NO,914
Cameron Ross,WR,DEN,915
Daniel Sobkowicz,WR,HOU,916
Max Tomczak,WR,BUF,917
Ja'Mori Maclin,WR,BUF,918
Hank Beatty,WR,TEN,919
Keelan Marion,WR,ATL,920
Nick DeGennaro,WR,NE,921
Courtney Jackson,WR,TEN,922
Cameron Dorner,WR,NE,923
Lance McCutcheon,WR,TEN,924
Kobe Prentice,WR,NYG,925
Kyle Dixon,WR,NE,926
Brock Rechsteiner,WR,NO,927
Jackson Meeks,WR,DET,928
Luke Floriea,WR,CLE,929
Kole Wilson,WR,CLE,930
Wesley Grimes,WR,SF,931
Bryson Green,WR,FA,932
Harrison Wallace III,WR,ARI,933
Xavier Guillory,WR,BAL,934
Cortez Braham Jr.,WR,BAL,935
Octavian Smith Jr.,WR,BAL,936
Cornelius Johnson,WR,BAL,937
Irv Charles,WR,SEA,938
Phillip Dorsett II,WR,LV,939
Ihmir Smith-Marsette,WR,ARI,940
Trenton Irwin,WR,SF,941
